Source,Target
0,304
0,691
0,624
0,523
0,427
0,721
0,776
0,36
0,494
0,94
0,510
0,328
0,403
0,808
0,485
1,196
1,554
1,685
1,244
1,352
1,382
1,220
1,254
1,700
1,630
2,377
2,766
2,482
2,507
2,648
2,223
2,163
2,266
2,204
2,238
2,455
2,490
2,783
2,294
2,624
3,747
3,444
3,337
3,731
3,640
3,457
3,641
3,725
3,712
3,221
3,605
3,790
3,370
4,702
4,208
4,531
4,279
4,426
4,167
4,245
4,704
4,197
4,632
4,470
4,697
4,776
5,756
5,229
5,598
5,266
5,660
5,826
5,367
5,351
5,325
5,635
5,369
5,97
5,231
6,616
6,539
6,742
6,337
6,453
6,427
6,210
6,738
6,708
6,247
6,716
6,137
6,192
6,521
6,142
6,686
6,243
7,738
7,376
7,725
7,540
7,534
7,542
7,255
7,575
7,22
7,474
7,573
7,158
7,769
7,363
7,287
8,16
8,428
8,470
8,698
8,24
8,702
8,565
8,148
8,590
8,546
8,482
8,475
8,750
8,237
8,189
8,345
8,163
8,769
9,70
9,551
9,275
9,168
9,440
9,722
9,612
9,536
9,238
9,782
9,81
9,45
9,133
9,471
9,217
9,92
9,378
9,134
9,166
9,799
9,746
10,769
10,166
10,327
10,41
10,721
10,408
10,214
10,791
10,544
10,499
10,547
10,441
10,302
10,426
10,817
10,654
10,425
10,11
11,750
11,343
11,278
11,567
11,768
11,108
11,212
11,820
11,21
11,326
11,56
11,129
11,780
11,415
11,394
12,687
12,806
12,88
12,617
12,219
12,14
12,727
12,594
12,580
12,708
12,815
12,710
12,156
13,699
13,784
13,465
13,397
13,427
13,213
13,52
13,585
13,31
13,169
13,33
13,819
13,140
13,626
13,154
13,753
13,372
13,350
14,181
14,174
14,437
14,163
14,768
15,707
15,241
15,516
15,778
15,514
15,511
15,579
15,614
15,226
15,20
16,678
16,248
16,692
16,620
16,326
16,683
16,763
16,435
16,149
16,639
16,699
16,23
16,544
17,390
17,255
17,129
17,35
17,455
17,308
17,753
17,269
17,34
17,73
17,259
17,467
17,428
17,617
17,402
18,228
18,188
18,457
18,734
18,687
18,112
18,359
18,56
18,31
18,437
18,159
18,182
18,765
18,382
18,294
19,374
19,28
19,216
19,738
19,243
19,775
19,312
19,528
19,297
20,686
20,551
20,443
20,143
20,60
20,220
20,804
20,754
20,482
20,553
20,186
20,174
20,368
20,325
20,97
21,421
21,585
21,806
21,775
21,387
21,523
21,195
21,603
21,112
21,253
21,622
21,481
21,262
21,535
21,600
21,161
21,298
21,794
22,365
22,619
22,185
22,461
22,190
22,51
22,548
22,681
22,163
22,626
22,207
23,453
23,685
23,307
23,184
23,790
23,505
23,370
23,771
23,113
23,719
23,330
23,811
23,50
23,401
24,291
24,469
24,472
24,750
24,525
24,686
24,420
24,123
24,593
24,557
24,505
24,310
24,553
24,378
25,235
25,168
25,828
25,546
25,605
25,426
25,812
25,226
25,583
25,347
25,39
26,237
26,592
26,51
26,577
26,508
26,696
26,786
26,466
26,679
26,382
26,258
27,642
27,297
27,281
27,135
27,694
27,398
27,785
27,468
27,609
27,618
27,203
27,371
28,339
28,102
28,203
28,529
28,188
28,390
28,665
28,458
28,136
28,737
28,417
28,436
28,51
28,154
28,555
28,597
28,462
28,200
28,701
28,163
28,223
29,657
29,780
29,283
29,120
29,419
29,303
29,593
29,82
29,536
29,488
29,198
29,316
29,733
29,735
29,463
29,582
29,448
29,611
29,374
30,821
30,418
30,211
30,801
30,204
30,810
30,432
30,515
30,508
30,457
30,60
30,526
30,765
31,379
31,675
31,76
31,470
31,180
31,694
31,386
31,332
31,236
31,312
31,465
31,149
31,512
32,140
32,218
32,677
32,782
32,438
32,79
32,558
32,797
32,405
32,97
32,306
32,354
32,683
32,37
33,467
33,558
33,250
33,757
33,825
33,202
33,348
33,726
33,766
33,89
33,520
33,585
33,496
33,635
33,245
33,511
33,276
33,231
33,167
34,720
34,105
34,774
34,367
34,503
34,690
34,158
34,605
34,389
34,493
34,40
34,162
34,206
34,446
34,491
35,272
35,731
35,775
35,609
35,94
35,44
35,500
35,308
35,439
35,268
35,624
35,603
35,554
35,707
35,153
35,598
36,196
36,307
36,804
36,649
36,543
36,329
36,723
36,37
36,630
36,292
36,192
37,825
37,386
37,272
37,211
37,718
37,818
37,659
37,764
37,555
37,419
37,763
37,516
37,706
37,448
37,119
37,543
37,412
38,522
38,635
38,476
38,662
38,553
38,288
38,620
38,660
38,645
38,278
38,205
38,243
38,521
38,649
38,647
38,825
38,352
38,684
38,563
39,693
39,694
39,604
39,685
39,822
39,619
39,444
39,657
39,488
39,725
39,212
40,210
40,131
40,237
40,499
40,788
40,238
40,632
40,412
40,161
40,310
40,94
40,147
40,172
41,533
41,259
41,45
41,587
41,633
41,745
41,799
41,524
41,269
41,612
41,595
41,582
41,527
41,352
41,270
42,272
42,808
42,406
42,636
42,564
42,430
42,267
42,585
42,78
42,486
42,59
42,610
42,680
42,89
42,94
42,206
42,223
42,156
43,527
43,67
43,268
43,825
43,284
43,530
43,496
43,772
43,547
43,297
43,557
43,359
43,316
43,382
43,604
43,760
43,188
43,65
43,504
44,75
44,123
44,432
44,226
44,244
44,162
44,565
44,455
44,353
44,275
44,492
44,124
44,639
44,201
44,510
44,153
44,420
44,763
45,237
45,305
45,166
45,760
46,59
46,410
46,126
46,825
46,109
46,65
46,68
46,704
47,802
47,414
47,267
47,63
47,109
47,683
47,591
47,454
47,797
47,700
47,605
48,164
48,491
48,794
48,736
48,223
48,739
48,346
48,528
48,147
48,727
48,259
48,460
48,547
48,783
48,808
48,786
48,693
48,192
48,738
48,105
48,657
48,667
48,217
49,592
49,654
49,810
49,176
49,759
49,438
49,789
49,486
49,188
49,417
49,88
49,665
49,272
50,397
50,232
50,509
50,700
50,273
50,648
50,409
50,402
50,575
50,793
50,797
51,388
51,763
51,486
51,712
51,537
51,619
51,59
51,154
51,792
51,750
51,169
51,425
51,737
51,338
52,626
52,401
52,204
52,532
52,631
52,120
52,814
52,429
52,151
52,323
52,813
52,704
53,801
53,414
53,442
53,537
53,233
53,421
53,182
53,788
53,413
53,686
53,681
53,423
54,639
54,650
54,287
54,820
54,548
54,149
54,262
54,341
54,482
54,520
54,443
54,274
54,787
54,144
54,517
55,790
55,653
55,526
55,636
55,415
55,323
55,671
55,111
55,603
55,586
55,620
55,338
55,220
56,566
56,800
56,762
56,760
56,435
56,644
56,194
56,474
56,825
56,607
56,620
56,738
56,245
57,629
57,205
57,413
57,513
57,473
57,686
57,181
57,736
57,645
57,385
57,652
57,155
57,442
57,452
57,253
57,788
57,365
57,767
58,289
58,514
58,248
58,655
58,299
58,180
58,119
58,129
58,396
58,435
58,508
58,661
58,247
58,465
59,304
59,233
59,651
59,74
59,635
59,636
59,679
59,280
59,206
59,441
60,241
60,425
60,527
60,420
60,810
60,652
60,147
60,189
60,157
60,615
60,417
60,561
60,684
60,184
60,187
60,786
61,536
61,254
61,550
61,334
61,270
61,654
61,285
61,628
61,189
61,172
61,78
62,273
62,133
62,499
62,412
62,348
62,131
62,237
62,204
62,106
62,442
62,165
62,530
62,336
62,391
63,100
63,475
63,773
63,245
63,476
63,599
63,519
63,84
63,279
63,369
63,103
63,129
63,170
63,130
64,786
64,446
64,763
64,345
64,253
64,694
64,537
64,349
64,165
64,174
64,119
64,300
64,464
64,552
64,745
64,308
64,592
64,209
64,623
65,478
65,343
65,710
65,103
65,445
65,382
65,564
65,616
65,441
65,261
65,537
65,168
65,113
65,150
65,520
65,717
65,632
65,223
65,496
65,807
65,557
66,568
66,269
66,333
66,614
66,674
66,217
66,136
66,328
66,261
66,706
66,422
66,391
66,664
66,221
66,128
67,590
67,345
67,588
67,541
67,195
67,293
67,88
67,493
67,257
67,635
67,714
67,542
67,745
67,86
67,286
68,356
68,572
68,828
68,732
68,247
68,592
68,823
68,214
68,425
68,152
68,414
68,306
68,708
68,302
68,660
68,759
68,412
69,614
69,293
69,361
69,666
69,700
69,519
69,427
69,80
69,198
69,634
69,413
69,271
69,430
69,744
70,504
70,71
70,708
70,757
70,155
70,438
70,687
70,576
70,195
70,829
70,99
70,488
70,604
70,754
71,209
71,451
71,522
71,140
71,216
71,394
71,761
71,327
71,309
71,328
71,335
71,323
71,311
71,78
71,529
72,629
72,345
72,459
72,97
72,698
72,527
72,319
72,443
72,528
72,336
72,770
73,341
73,238
73,632
73,209
73,751
73,712
73,596
73,681
73,170
73,545
73,635
73,138
74,167
74,462
74,335
74,507
74,180
74,292
74,165
74,611
74,187
75,364
75,232
75,821
75,776
75,769
75,340
75,402
75,511
75,787
75,464
75,231
75,577
76,419
76,247
76,457
76,250
76,126
76,469
76,215
76,239
76,109
76,540
76,312
76,514
76,660
76,366
76,535
76,680
76,136
76,517
77,812
77,323
77,505
77,365
77,396
77,119
77,326
77,475
77,637
77,102
77,535
77,187
77,547
77,457
77,160
78,111
78,264
78,488
78,363
78,327
78,419
78,418
78,817
78,127
78,761
78,719
78,554
78,806
79,534
79,237
79,177
79,208
79,731
79,544
79,114
79,387
79,117
79,770
79,238
80,164
80,334
80,203
80,326
80,148
80,379
80,492
80,199
80,233
80,348
80,744
80,283
80,219
80,186
80,786
80,670
80,98
81,714
81,395
81,494
81,582
81,429
81,99
81,449
81,189
81,744
81,561
81,826
81,340
81,464
81,577
81,544
81,375
82,679
82,325
82,203
82,646
82,269
82,466
82,527
82,589
82,743
82,252
82,101
82,335
82,507
82,214
82,364
82,385
82,301
83,228
83,775
83,527
83,202
83,195
83,556
83,701
83,380
83,96
83,526
83,590
83,728
83,98
83,395
83,570
84,85
84,122
84,253
84,359
84,207
84,544
84,628
84,796
84,296
84,219
84,201
84,818
84,366
84,547
84,685
84,601
85,763
85,240
85,484
85,468
85,267
85,703
85,677
85,426
85,367
85,817
85,531
85,558
85,641
85,334
85,603
86,792
86,399
86,160
86,202
86,332
86,718
86,410
86,110
86,615
86,216
86,578
86,273
86,169
87,461
87,539
87,807
87,314
87,293
87,175
87,789
87,588
87,152
87,103
88,720
88,787
88,600
88,330
88,402
88,157
88,589
88,615
88,826
88,614
88,546
88,779
88,469
89,794
89,810
89,346
89,314
89,626
89,756
89,613
89,727
89,329
89,723
89,476
89,790
90,699
90,432
90,206
90,291
90,215
90,812
90,302
90,678
90,792
90,338
91,660
91,575
91,108
91,829
91,683
91,165
91,596
91,235
91,768
91,321
91,187
91,397
91,639
92,224
92,761
92,420
92,279
92,271
92,520
92,603
92,754
92,748
92,361
92,475
92,469
92,173
92,509
92,291
92,95
92,364
92,258
93,295
93,770
93,500
93,718
93,689
93,517
93,300
93,792
93,633
93,323
93,375
93,439
93,460
93,725
93,597
93,244
93,304
93,269
94,414
94,144
94,247
94,819
94,475
94,489
94,358
94,680
94,347
94,406
94,692
94,378
94,789
95,553
95,710
95,791
95,440
95,721
95,157
95,645
95,560
95,531
95,123
95,246
95,179
95,691
95,109
95,827
95,775
95,388
95,601
95,726
95,481
95,96
95,592
96,511
96,699
96,612
96,336
96,199
96,165
96,714
96,412
96,206
97,683
97,137
97,673
97,428
97,326
97,153
97,199
97,760
97,611
97,640
97,312
97,465
97,823
97,286
97,774
97,613
97,729
98,747
98,547
98,595
98,224
98,322
98,508
98,271
98,116
98,192
98,737
98,324
98,206
98,806
99,580
99,455
99,401
99,245
99,503
99,354
99,823
99,689
99,174
99,610
99,188
100,658
100,595
100,227
100,198
100,376
100,253
100,208
100,663
100,732
100,791
100,553
100,650
100,699
101,739
101,593
101,743
101,758
101,630
101,506
101,336
101,691
101,337
101,657
101,806
101,732
101,133
102,532
102,493
102,388
102,381
102,531
102,592
102,746
102,582
102,705
102,438
102,287
102,148
102,246
103,500
103,597
103,588
103,182
103,151
103,108
103,770
103,710
103,204
103,740
103,193
103,501
103,370
104,505
104,234
104,626
104,335
104,649
104,602
104,717
104,383
104,173
104,489
104,736
104,349
105,307
105,576
105,128
105,767
105,227
105,419
105,411
105,235
106,522
106,347
106,164
106,241
106,825
106,483
106,126
106,705
106,726
106,457
106,823
106,141
107,557
107,606
107,136
107,199
107,809
107,640
107,811
107,422
108,720
108,209
108,178
108,156
108,666
108,296
108,506
108,752
108,582
108,587
108,589
108,270
108,546
109,757
109,424
109,535
109,564
109,325
109,539
109,146
109,493
109,501
109,319
109,189
109,754
109,128
109,380
110,254
110,288
110,335
110,244
110,113
110,256
110,430
110,797
110,388
110,414
110,554
110,227
110,383
110,328
111,160
111,657
111,257
111,187
111,308
111,770
111,562
111,186
111,176
111,507
111,627
111,699
111,532
111,408
111,327
111,650
111,385
111,768
112,296
112,575
112,767
112,607
112,821
112,114
112,689
112,749
112,221
112,421
112,823
112,600
112,416
112,337
112,656
112,786
112,393
113,316
113,238
113,447
113,808
113,559
113,548
113,571
113,778
113,546
114,493
114,350
114,538
114,515
114,147
114,136
114,663
114,802
114,700
114,808
114,824
114,583
114,711
114,289
114,227
115,503
115,425
115,142
115,426
115,729
115,723
115,746
115,409
115,301
115,457
115,351
115,603
115,387
115,524
115,147
115,159
115,668
115,466
115,164
116,684
116,797
116,455
116,244
116,138
116,824
116,330
116,498
116,757
116,397
116,449
116,809
117,723
117,759
117,350
117,406
117,539
117,478
117,594
117,733
117,780
117,410
117,684
117,144
118,126
118,525
118,160
118,235
118,266
118,238
118,700
118,259
118,558
118,388
118,665
118,600
118,609
118,675
118,183
118,616
119,829
119,501
119,428
119,281
119,478
119,235
119,373
119,271
119,168
119,544
119,754
119,523
119,256
119,289
119,304
119,238
119,401
119,533
120,642
120,421
120,363
120,611
120,486
120,229
120,219
120,718
120,179
120,180
120,558
120,198
121,127
121,370
121,170
121,783
121,691
121,707
121,235
121,356
121,407
122,775
122,793
122,418
122,254
122,227
122,302
122,398
122,476
122,443
122,621
122,697
122,709
122,404
122,140
122,778
122,210
122,538
122,395
123,491
123,817
123,359
123,185
123,509
123,147
124,337
124,526
124,177
124,821
124,518
124,439
124,721
124,224
124,514
124,828
124,281
124,234
124,361
124,154
124,475
125,639
125,379
125,187
125,308
125,583
125,772
125,316
125,402
125,507
126,771
126,340
126,324
126,184
126,322
126,785
126,400
126,582
126,266
126,438
126,687
126,326
127,383
127,737
127,273
127,493
127,376
127,327
127,699
127,145
127,308
127,430
127,276
127,697
127,369
127,664
127,721
127,746
127,611
127,680
127,444
128,529
128,136
128,450
128,211
128,825
128,454
128,661
128,237
128,558
128,619
128,657
128,726
128,553
129,346
129,802
129,339
129,301
129,607
129,410
129,676
129,312
129,589
129,799
129,318
129,226
129,808
129,452
130,807
130,791
130,682
130,698
130,618
130,588
130,583
130,571
130,479
131,146
131,204
131,159
131,187
131,751
131,491
131,254
131,628
132,543
132,471
132,743
132,470
132,683
132,454
132,254
133,553
133,357
133,808
133,259
133,811
133,387
133,143
134,501
134,274
134,337
134,824
134,175
134,544
134,200
134,565
134,240
135,768
135,587
135,693
135,340
135,465
135,185
135,431
135,531
135,426
135,545
135,370
135,796
135,584
136,602
136,724
136,546
136,635
136,629
136,348
136,731
136,644
136,371
136,452
136,523
136,685
136,682
136,261
136,797
136,780
136,511
136,763
136,455
136,804
136,812
136,339
136,573
136,820
137,304
137,257
137,284
137,416
137,192
137,433
137,227
137,517
138,388
138,714
138,699
138,598
138,379
138,438
138,205
138,330
138,716
138,611
139,823
139,731
139,752
139,211
139,481
139,147
139,652
139,589
139,463
139,592
140,553
140,734
140,658
140,397
140,453
140,340
140,230
140,440
140,237
140,262
140,545
140,680
140,310
141,326
141,717
141,423
141,487
141,807
141,706
141,772
141,553
141,149
142,770
142,162
142,788
142,262
142,339
142,681
142,230
142,555
142,623
143,344
143,666
143,718
143,656
143,773
143,581
143,154
143,762
143,590
143,723
143,309
144,713
144,776
144,657
144,828
144,584
144,437
144,744
144,225
144,350
145,473
145,819
145,600
145,515
145,537
145,682
145,361
145,582
145,400
145,194
145,809
145,416
145,330
145,344
145,654
145,389
145,709
145,729
146,704
146,333
146,203
146,341
146,826
146,651
146,206
146,150
146,501
146,795
146,434
146,342
146,241
146,598
147,390
147,519
147,157
147,544
147,404
147,694
147,582
147,243
147,680
147,568
147,746
147,558
147,375
147,217
147,545
147,756
148,473
148,630
148,686
148,821
148,210
148,573
148,652
148,300
148,676
148,221
148,617
148,368
148,168
148,307
148,441
148,494
148,471
149,338
149,658
149,586
149,360
149,752
149,670
149,685
149,767
149,418
149,773
149,399
149,434
149,229
149,800
149,415
149,674
149,393
149,781
150,701
150,457
150,344
150,510
150,765
150,593
150,683
150,760
150,223
150,159
150,778
150,459
150,816
150,590
150,682
150,251
150,267
150,820
150,680
151,631
151,289
151,650
151,253
151,234
151,238
151,590
151,162
151,616
151,584
151,721
152,372
152,220
152,448
152,529
152,200
152,467
152,731
152,689
152,156
152,777
152,698
152,775
153,807
153,780
153,670
153,345
153,715
153,540
153,785
153,585
153,304
153,436
153,717
154,661
154,353
154,643
154,270
154,607
154,245
154,309
154,357
154,663
155,818
155,659
155,756
155,462
155,656
155,425
155,820
155,381
156,639
156,726
156,397
156,241
156,511
156,224
156,414
156,464
156,416
156,214
157,459
157,389
157,517
157,454
157,683
157,716
157,671
157,711
157,668
157,179
157,226
157,197
157,759
157,754
157,250
157,768
157,426
157,217
157,415
158,247
158,547
158,610
158,401
158,542
158,384
158,354
158,809
158,313
158,335
158,535
158,451
158,476
158,628
158,458
158,803
158,626
158,524
159,409
159,179
159,490
159,561
159,451
159,593
159,288
160,205
160,762
160,461
160,490
160,775
160,700
160,649
160,697
160,505
160,271
160,503
160,675
161,214
161,782
161,223
161,476
161,669
161,314
161,225
161,287
161,693
161,812
161,577
161,269
161,493
161,308
162,355
162,257
162,782
162,377
162,169
163,269
163,634
163,563
163,361
163,387
163,555
163,217
163,628
163,303
164,255
164,709
164,587
164,568
164,545
164,584
164,544
164,666
164,438
164,532
165,509
165,389
165,281
165,203
165,727
165,638
165,521
165,607
165,593
165,651
165,332
165,826
165,303
165,316
165,696
165,548
165,709
166,604
166,485
166,339
166,382
166,522
166,552
166,688
166,537
166,621
166,619
166,763
166,451
167,572
167,193
167,553
167,183
167,780
167,433
167,618
167,628
168,563
168,772
168,737
168,387
168,260
168,304
168,759
168,243
169,736
169,811
169,299
169,487
169,814
169,580
169,643
169,400
169,435
170,275
170,322
170,551
170,192
170,780
170,537
170,580
170,191
170,399
170,450
170,829
170,213
170,747
170,620
170,368
170,405
170,748
170,257
170,793
171,807
171,242
171,409
171,668
171,648
171,802
171,790
171,618
171,235
171,193
172,531
172,596
172,383
172,701
172,802
172,769
172,499
172,325
172,580
172,753
172,615
172,198
172,637
172,822
172,572
173,465
173,758
173,696
173,416
173,600
173,272
173,506
173,385
173,327
173,664
173,534
174,276
174,558
174,204
174,729
174,705
174,432
174,677
174,352
174,421
174,451
174,219
174,517
174,357
174,633
174,401
174,716
175,561
175,500
175,598
175,588
175,349
175,816
175,590
175,456
175,184
175,263
175,793
175,309
175,643
175,457
176,811
176,453
176,580
176,553
176,679
176,682
176,387
176,609
176,263
176,644
176,499
176,717
176,269
177,819
177,288
177,231
177,546
177,619
177,515
177,496
177,669
177,798
177,658
177,384
177,270
178,287
178,259
178,568
178,203
178,557
178,424
178,782
178,513
178,480
178,775
178,638
178,777
178,653
178,573
178,611
178,567
178,608
179,689
179,214
179,596
179,703
179,239
179,786
179,453
179,237
179,272
179,648
179,679
179,734
179,253
180,252
180,625
180,805
180,457
180,396
180,297
180,570
180,579
180,763
180,686
180,388
180,711
180,208
180,278
181,506
181,633
181,649
181,618
181,755
181,186
181,216
181,195
181,719
181,348
181,463
181,201
181,397
181,602
181,713
182,232
182,356
182,242
182,628
182,779
182,658
182,300
183,431
183,731
183,644
183,359
183,586
183,394
183,370
183,621
183,788
183,756
183,778
183,653
183,728
184,420
184,739
184,760
184,783
184,325
184,735
184,350
184,273
184,371
184,348
184,572
184,651
185,381
185,698
185,278
185,764
185,464
185,217
185,375
185,463
186,318
186,321
186,825
186,511
186,386
186,331
186,456
186,788
186,752
186,493
186,268
186,716
187,280
187,307
187,790
187,717
187,701
187,464
187,645
187,638
187,370
187,381
188,686
188,333
188,341
188,639
188,684
188,691
188,470
188,710
188,731
188,711
188,655
188,557
188,498
188,273
189,729
189,393
189,468
189,607
189,351
189,533
189,768
189,645
189,665
189,372
189,566
189,389
189,492
189,550
190,222
190,259
190,730
190,201
190,317
190,728
190,223
190,480
190,690
190,489
191,202
191,709
191,545
191,777
191,726
191,757
191,727
191,433
191,474
192,356
192,425
192,565
192,350
192,746
192,700
192,449
192,556
192,618
192,502
192,536
193,799
193,636
193,201
193,531
193,448
193,554
193,626
193,790
194,399
194,612
194,354
194,829
194,633
194,539
194,632
194,224
194,610
194,778
195,615
195,526
195,531
195,374
195,685
195,280
195,759
195,606
195,468
195,512
195,655
195,716
196,823
196,641
196,793
196,818
196,435
196,569
196,553
196,711
196,722
196,528
196,791
196,378
196,682
196,626
196,784
196,370
196,539
196,385
197,813
197,487
197,277
197,436
197,546
197,465
197,627
198,383
198,504
198,630
198,258
198,735
198,592
198,704
198,578
199,292
199,703
199,804
199,252
199,524
199,517
199,434
199,755
199,205
199,297
199,736
199,498
200,441
200,700
200,693
200,633
200,775
200,504
200,752
200,691
200,575
200,301
201,739
201,756
201,752
201,795
201,786
201,223
201,230
201,541
201,431
201,338
202,510
202,203
202,720
202,424
202,230
202,316
202,458
202,472
202,537
202,592
202,425
202,527
202,518
202,515
202,223
202,509
203,340
203,429
203,796
203,633
203,458
203,310
203,544
203,240
203,661
203,267
203,724
203,734
203,762
204,434
204,285
204,401
204,587
204,330
204,693
204,750
204,599
204,221
204,702
204,747
204,365
204,825
204,560
205,602
205,599
205,486
205,820
205,212
205,308
205,464
205,374
206,373
206,276
206,405
206,806
206,663
206,756
206,524
206,630
206,466
206,438
206,464
206,228
206,457
207,230
207,267
207,641
207,664
207,244
207,225
208,595
208,361
208,698
208,258
208,763
208,413
208,801
208,558
208,478
208,753
208,541
208,712
208,528
208,240
208,373
208,629
208,465
208,710
208,356
209,226
209,250
209,804
209,409
209,275
209,729
209,790
209,580
209,547
210,428
210,813
210,379
210,354
210,792
210,622
210,426
210,646
210,826
210,469
210,599
210,658
210,667
211,601
211,681
211,591
211,666
211,677
211,730
211,635
211,396
211,303
211,373
211,240
211,714
211,661
211,439
212,634
212,215
212,492
212,269
212,364
212,348
212,386
212,679
212,716
212,702
212,220
212,688
212,349
212,656
213,632
213,215
213,481
213,352
213,798
213,660
213,405
213,459
213,231
213,331
213,762
213,796
213,422
214,362
214,324
214,549
214,690
214,420
214,527
214,404
214,729
214,569
214,819
214,409
215,237
215,240
215,407
215,754
215,267
215,450
215,808
215,552
215,572
215,698
215,317
215,589
215,590
216,464
216,620
216,239
216,322
216,626
216,278
216,703
216,400
216,764
216,359
216,458
217,440
217,673
217,408
217,711
217,712
217,357
217,414
217,789
217,438
217,637
218,412
218,535
218,357
218,253
218,577
218,434
218,712
218,581
218,417
218,353
218,806
218,771
219,496
219,781
219,803
219,670
219,282
219,294
219,626
219,761
219,422
220,364
220,438
220,628
220,314
220,256
220,441
220,419
220,547
220,661
220,629
220,382
220,285
220,338
220,657
220,270
220,820
220,736
220,464
220,818
221,693
221,429
221,499
221,592
221,598
221,463
221,610
222,678
222,817
222,413
222,650
222,268
222,408
222,587
222,700
222,648
223,466
223,606
223,728
223,584
223,497
223,616
223,716
223,667
223,366
223,619
224,704
224,492
224,469
224,723
224,481
224,244
224,366
224,606
224,817
225,251
225,463
225,603
225,562
225,258
225,631
225,548
225,289
225,531
225,698
225,470
225,664
225,520
226,554
226,366
226,679
226,793
226,528
226,599
226,784
226,755
226,741
226,447
226,723
227,468
227,410
227,654
227,811
227,229
227,824
227,736
227,629
227,810
227,606
228,290
228,439
228,554
228,528
228,239
228,467
228,696
228,747
228,748
228,252
228,780
229,266
229,762
229,434
229,629
229,375
229,684
229,289
229,591
230,460
230,663
230,708
230,713
230,673
230,466
230,743
230,480
230,722
231,537
231,695
231,337
231,718
231,533
231,408
231,242
231,552
231,542
231,536
231,273
231,574
231,710
231,564
231,682
231,364
232,368
232,315
232,296
232,640
232,763
232,477
232,819
232,318
232,797
232,645
232,742
232,313
232,633
233,585
233,555
233,491
233,760
233,710
233,340
233,386
233,821
234,702
234,250
234,652
234,581
234,376
234,544
234,419
234,485
235,257
235,314
235,392
235,484
235,448
235,318
235,646
236,378
236,611
236,601
236,287
236,580
236,817
236,826
237,470
237,459
237,263
237,551
237,310
237,468
237,567
237,320
237,521
237,318
237,641
237,314
238,400
238,257
238,619
238,669
238,649
238,733
238,607
238,698
238,687
239,469
239,794
239,520
239,708
239,409
239,350
239,457
239,564
239,286
239,367
239,453
239,716
240,483
240,725
240,282
240,802
240,589
240,352
240,567
241,773
241,754
241,296
241,279
241,349
241,615
241,715
241,808
241,570
241,584
241,539
242,333
242,353
242,379
242,381
242,293
242,394
242,373
242,827
242,609
242,331
242,762
242,559
242,738
242,344
242,604
243,384
243,715
243,804
243,771
243,375
243,604
244,825
244,480
244,773
244,558
244,644
244,552
244,753
245,542
245,343
245,770
245,645
245,713
245,366
245,698
245,533
245,738
245,517
245,658
246,556
246,611
246,639
246,741
246,713
246,631
246,445
246,348
246,706
246,392
246,829
246,823
246,463
246,410
247,528
247,439
247,438
247,431
247,693
247,387
247,745
247,568
248,258
248,342
248,500
248,392
248,268
248,735
248,303
248,777
248,683
248,408
249,720
249,810
249,691
249,703
249,777
249,650
249,803
249,515
249,809
249,574
250,428
250,805
250,748
250,687
250,490
250,521
251,676
251,596
251,330
251,813
251,709
251,542
251,439
251,718
251,273
251,626
251,398
251,448
251,757
251,279
251,537
251,699
252,786
252,620
252,720
252,282
252,514
252,667
252,791
252,528
252,550
252,420
252,298
252,762
253,784
253,749
253,386
253,314
253,442
253,411
253,614
253,710
253,677
254,794
254,322
254,287
254,367
254,369
254,420
254,604
254,337
254,264
254,552
254,618
254,289
254,687
254,283
255,481
255,599
255,259
255,786
255,391
255,373
255,730
255,455
255,308
255,747
255,603
256,384
256,690
256,748
256,590
256,815
257,572
257,676
257,745
257,800
257,516
257,619
257,609
257,264
257,494
257,622
257,758
257,751
257,739
257,677
257,683
257,276
257,403
257,384
258,500
258,817
258,413
258,803
258,763
258,744
258,643
259,655
259,636
259,338
259,555
259,769
259,599
259,459
259,389
259,404
259,380
259,744
259,274
259,651
260,825
260,438
260,802
260,545
260,590
260,579
260,799
260,728
260,554
261,479
261,650
261,340
261,321
261,517
261,278
261,378
261,419
261,784
261,789
261,552
261,640
261,600
261,398
262,807
262,744
262,742
262,360
262,490
262,465
262,346
262,748
263,530
263,669
263,664
263,653
263,823
263,489
263,770
263,429
263,507
264,631
264,723
264,499
264,820
264,575
264,734
264,558
264,808
264,487
264,481
265,794
265,284
265,502
265,295
265,275
266,644
266,487
266,800
266,353
266,788
266,792
266,663
266,413
266,422
267,588
267,457
267,281
267,502
267,799
267,621
267,675
267,570
268,734
268,419
268,363
268,420
268,410
268,352
269,488
269,619
269,607
269,444
269,788
269,790
269,331
269,630
270,769
270,420
270,714
270,409
270,319
270,586
270,349
270,303
271,824
271,728
271,785
271,591
271,721
271,435
271,430
271,797
271,789
271,800
271,746
271,408
271,774
271,308
272,398
272,600
272,743
272,374
272,330
272,769
272,692
272,601
272,547
272,810
272,474
272,277
272,427
273,396
273,482
273,338
273,453
273,787
273,757
273,753
273,695
273,601
273,556
273,456
273,821
273,649
273,346
273,729
273,413
274,421
274,311
274,282
274,596
274,582
274,693
274,733
274,310
274,695
274,315
275,584
275,360
275,594
275,581
276,352
276,693
276,549
276,448
276,668
276,603
276,490
276,392
276,663
276,513
276,733
276,517
277,663
277,573
277,603
277,727
277,548
277,310
277,462
277,353
277,564
278,360
278,809
278,384
278,301
278,745
278,703
278,521
278,813
278,564
278,453
279,468
279,555
279,711
279,692
279,755
279,613
279,581
279,443
279,381
279,665
279,829
279,486
279,376
280,388
280,673
280,824
280,453
280,299
280,665
280,334
280,295
280,523
281,545
281,524
281,732
281,764
281,686
281,805
281,332
281,825
281,776
281,697
281,659
281,576
281,492
281,672
281,714
281,359
282,620
282,478
282,717
282,615
282,508
282,437
282,603
282,307
282,294
282,640
283,739
283,547
283,592
283,805
283,712
283,291
283,425
283,724
283,286
283,709
283,482
283,762
283,435
283,346
283,648
283,704
284,796
284,807
284,535
284,313
284,424
284,365
284,516
284,813
284,308
284,537
285,366
285,402
285,556
285,543
285,536
285,588
285,378
285,289
285,679
285,372
286,755
286,366
286,682
286,529
286,767
286,644
286,769
286,414
286,773
286,524
286,428
286,635
286,464
286,324
286,546
286,333
287,667
287,811
287,402
287,427
287,807
287,725
287,412
287,796
287,799
287,821
287,696
287,573
287,547
287,532
287,610
287,396
288,394
288,618
288,402
288,657
288,494
288,713
288,488
289,423
289,322
289,665
289,367
289,414
289,563
289,829
290,617
290,496
290,458
290,427
290,536
290,373
290,342
291,643
291,478
291,755
291,321
291,526
291,347
291,658
291,456
291,582
291,793
292,335
292,746
292,316
292,738
292,796
292,497
292,390
292,509
292,625
292,607
292,697
292,578
293,565
293,734
293,797
293,690
293,749
294,632
294,372
294,327
294,736
294,548
294,696
294,821
294,513
295,609
295,741
295,319
295,473
295,745
295,379
296,552
296,416
296,742
296,754
296,448
296,740
296,587
296,509
296,464
296,623
296,811
297,690
297,476
297,606
297,581
297,334
297,325
297,719
297,823
297,371
297,306
297,375
298,639
298,828
298,386
299,829
299,432
299,658
299,362
299,646
299,812
299,808
299,472
299,765
299,723
299,630
299,577
299,823
299,399
299,421
300,721
300,346
300,804
300,558
300,762
300,619
300,707
300,337
300,590
301,626
301,760
301,539
301,483
301,731
301,607
301,759
301,451
301,718
302,404
302,448
302,399
302,481
302,511
302,393
302,659
302,819
302,348
302,407
302,493
302,328
303,777
303,778
303,495
303,582
303,329
303,580
303,644
303,463
304,530
304,487
304,562
304,765
304,441
304,319
304,626
304,775
304,630
305,456
305,518
305,808
305,652
305,523
305,313
305,414
305,744
305,378
305,825
305,379
305,502
305,783
305,674
305,388
305,315
305,452
306,595
306,502
307,696
307,665
307,557
307,646
307,763
307,698
307,315
307,403
307,477
307,716
307,818
307,827
308,736
308,688
308,353
308,417
308,319
308,500
308,551
308,659
308,518
308,655
309,509
309,820
309,739
309,725
309,591
310,380
310,622
310,683
310,404
310,682
310,467
310,480
310,736
310,809
310,546
311,746
311,338
311,585
311,489
311,645
311,477
311,541
311,431
312,672
312,514
312,812
312,566
312,768
312,647
312,631
312,799
312,386
312,582
313,391
313,765
313,328
313,689
313,709
313,694
313,365
313,705
313,422
313,521
313,362
314,638
314,478
314,706
314,357
314,724
314,808
314,815
314,618
315,594
315,393
315,400
315,826
315,398
315,642
315,546
315,644
315,571
315,781
316,495
316,385
316,502
316,525
316,515
316,489
316,754
316,756
316,493
316,596
316,778
317,330
317,530
317,504
317,718
317,622
317,810
318,589
318,799
318,769
318,464
318,568
318,471
319,398
319,418
319,461
319,326
319,491
319,339
319,696
319,436
319,419
320,551
320,421
320,790
320,476
320,660
320,333
321,375
321,436
321,361
321,461
321,827
322,520
322,385
322,801
322,499
322,477
322,494
322,820
323,363
323,468
323,351
323,568
323,679
323,469
323,460
324,805
324,790
324,459
324,583
324,374
324,429
324,420
324,784
324,734
325,350
325,736
325,724
325,427
325,417
325,535
325,559
325,458
325,729
326,460
326,371
326,582
326,675
326,327
326,785
327,545
327,332
327,632
327,443
327,514
327,710
328,814
328,388
328,659
328,787
328,591
328,731
328,534
328,751
328,445
328,784
328,480
329,406
329,354
329,485
329,757
329,624
329,829
329,350
329,609
329,588
329,621
329,399
330,642
330,637
330,699
330,495
330,772
330,714
331,469
331,508
331,635
331,781
331,621
331,461
331,618
331,447
331,791
331,568
331,536
332,480
332,653
332,657
332,403
332,589
332,414
332,688
333,612
333,652
333,783
333,587
333,584
333,820
333,500
333,741
333,475
333,671
333,479
333,674
333,651
333,803
333,591
333,751
334,462
334,589
334,424
334,714
334,600
334,661
334,360
334,449
335,586
335,617
335,491
335,407
335,804
335,475
335,346
335,619
335,737
336,637
336,528
336,525
336,679
336,748
336,619
336,791
337,542
337,764
337,395
337,612
337,602
337,423
337,769
337,552
338,472
338,591
338,504
338,495
338,817
338,408
338,695
338,620
338,506
338,373
338,508
338,460
338,392
338,602
339,556
339,355
339,828
339,455
339,593
339,539
339,801
339,544
339,388
339,511
339,718
339,694
340,369
340,717
340,703
340,696
340,500
340,806
340,646
340,574
340,406
340,360
341,343
341,493
341,646
341,410
341,791
341,795
341,651
341,799
341,723
341,519
341,655
341,779
341,549
341,767
342,566
342,394
342,779
342,748
342,592
342,515
342,570
342,716
342,433
342,804
342,486
343,725
343,723
343,688
343,365
344,670
344,416
344,349
344,829
344,592
344,640
344,459
344,551
344,582
345,602
345,483
345,353
345,368
345,631
345,540
345,500
345,354
345,425
346,799
346,741
346,551
346,673
346,825
347,533
347,424
347,368
347,555
347,362
347,417
348,813
348,405
348,645
348,467
348,629
348,516
348,470
348,562
348,827
348,631
348,503
348,458
348,673
348,429
349,725
349,395
349,611
349,572
349,762
349,507
349,605
349,769
349,809
350,408
350,486
350,368
350,606
350,788
350,420
350,714
350,585
350,497
350,764
350,495
350,650
351,683
351,482
351,572
351,469
352,564
352,597
352,596
352,449
352,775
353,433
353,514
353,385
353,787
354,502
354,581
354,745
354,728
354,463
354,727
354,482
354,623
354,603
354,767
354,374
355,713
355,579
355,629
355,687
355,658
355,448
355,397
355,797
355,487
356,627
356,525
356,820
356,381
356,560
356,368
356,453
356,535
357,658
357,793
357,455
357,692
357,685
357,779
357,497
357,645
357,449
357,494
357,817
357,512
357,768
358,621
358,708
358,446
358,663
358,815
358,715
358,543
358,645
358,613
359,695
359,462
359,475
359,512
359,400
359,398
360,558
360,629
360,511
360,788
360,732
360,820
360,713
360,555
361,565
361,826
361,788
361,410
361,810
361,607
361,582
361,702
361,654
361,403
361,383
361,418
362,778
362,762
362,730
362,591
362,641
362,669
363,623
363,559
363,635
363,538
363,744
363,372
363,675
363,735
363,493
364,407
364,709
364,440
364,553
364,554
364,542
364,657
365,771
365,492
365,664
365,368
365,569
365,711
365,712
365,396
365,633
366,685
366,380
366,795
366,679
366,673
366,372
366,629
367,685
367,598
367,606
367,725
368,572
368,528
368,613
368,617
368,433
368,536
368,593
368,482
369,507
369,696
369,429
369,532
369,723
369,415
369,741
369,657
369,666
369,454
369,724
369,610
370,384
370,766
370,558
370,640
370,805
370,381
370,676
370,694
371,399
371,742
371,631
371,791
371,545
371,565
371,749
371,824
372,382
372,703
372,699
372,783
372,814
372,765
372,689
372,538
372,641
373,425
373,539
374,575
374,413
374,756
374,662
374,755
374,610
374,421
374,483
374,390
374,440
374,723
375,448
375,635
375,757
375,735
375,480
375,769
375,522
375,787
375,468
376,689
376,746
376,549
376,722
376,463
376,475
376,517
376,580
376,417
376,724
376,606
376,477
376,434
376,626
377,409
377,405
377,721
377,601
377,637
377,821
377,396
377,499
378,436
378,457
378,744
378,690
378,770
378,518
378,618
378,786
379,609
379,460
379,586
379,678
379,382
379,612
379,672
380,403
380,529
380,590
380,750
380,613
380,764
380,561
380,394
380,649
380,652
381,394
381,681
381,577
381,487
381,445
382,732
382,755
382,754
382,678
382,607
382,792
382,790
383,518
383,652
383,389
383,808
383,430
383,488
384,387
384,599
384,751
384,728
384,509
384,610
384,479
384,822
384,505
384,391
384,810
385,605
385,800
385,395
385,463
385,450
386,673
386,664
386,538
386,770
386,759
386,687
386,552
386,638
387,686
387,501
387,602
387,648
387,821
387,515
388,641
388,588
388,576
388,769
388,426
388,507
389,520
389,448
389,450
389,668
389,622
389,641
389,530
389,827
389,781
389,755
390,514
390,589
390,828
390,461
390,597
390,788
390,526
390,653
390,496
390,599
391,657
391,770
391,682
391,436
391,787
391,675
392,629
392,777
392,696
392,421
393,816
393,538
393,738
393,424
393,553
393,526
394,812
394,688
395,748
395,476
395,513
395,668
395,734
395,687
395,778
395,713
395,558
395,720
395,723
395,817
396,726
396,501
396,622
396,590
396,823
396,674
396,687
396,713
396,453
396,774
396,472
396,729
396,776
396,783
397,543
397,811
397,618
397,627
397,588
397,796
397,519
397,553
398,656
398,559
398,821
398,538
398,495
398,657
398,687
399,622
399,400
399,805
399,658
399,567
399,627
399,701
399,428
399,739
399,505
399,523
400,482
400,826
400,727
400,685
400,475
400,588
400,658
400,581
400,684
401,470
401,734
401,753
401,551
401,487
401,826
401,665
401,642
401,428
401,614
401,640
401,407
401,709
402,567
402,568
402,725
402,608
402,755
402,432
402,770
402,747
402,438
402,446
403,773
403,789
403,825
403,727
403,823
403,651
403,628
403,697
404,804
404,492
404,798
404,447
404,425
404,741
404,795
405,431
405,406
405,774
405,659
405,498
405,575
406,763
406,789
406,514
406,632
406,743
406,488
406,560
406,679
406,515
406,428
407,800
407,693
407,580
407,612
407,507
407,652
407,672
407,796
407,736
407,439
407,553
408,720
408,747
408,491
408,476
408,691
408,689
408,742
408,597
409,498
409,768
409,465
409,480
409,441
410,776
410,778
410,609
410,699
410,724
410,411
411,526
411,693
411,780
411,811
411,568
411,822
411,507
412,605
412,499
412,583
412,772
412,798
412,780
412,523
412,642
413,634
413,425
413,649
413,614
413,428
413,719
413,426
413,545
414,654
414,415
414,518
414,752
414,621
414,776
414,565
415,604
415,512
415,445
415,456
415,437
415,493
415,637
415,705
415,660
415,778
415,495
416,642
416,505
416,466
416,432
416,607
416,685
416,736
416,659
417,812
417,713
417,666
418,663
418,575
418,460
419,515
419,709
419,597
419,451
419,808
419,484
420,568
420,829
420,555
420,627
421,546
421,678
421,782
421,431
421,814
421,467
421,506
421,657
422,619
422,692
422,560
422,609
422,451
423,476
423,516
423,558
423,692
423,646
423,629
424,465
424,729
424,660
424,510
424,502
424,775
424,753
424,623
425,436
425,715
425,522
425,763
425,463
425,661
426,689
426,508
426,823
426,479
426,720
426,446
426,707
427,610
427,627
427,492
427,535
427,758
427,464
427,459
427,739
427,797
427,683
427,482
427,784
427,829
427,717
427,783
427,798
428,535
428,768
428,664
428,728
428,460
428,431
428,684
428,688
428,607
429,484
429,505
429,560
429,597
429,490
429,731
430,697
430,460
430,501
430,808
430,731
430,827
430,630
430,539
430,737
430,802
431,604
431,433
431,575
431,469
432,520
432,456
432,566
432,690
432,608
432,654
432,771
432,618
432,667
432,796
433,722
433,636
433,437
433,815
433,468
433,531
433,742
433,484
433,783
433,464
433,773
433,675
433,460
433,821
433,753
433,524
433,466
433,825
434,540
434,620
434,805
434,721
434,816
434,625
434,483
434,453
434,742
435,564
435,780
436,528
436,675
436,709
436,573
436,662
436,482
436,633
436,478
436,444
437,551
437,520
437,446
437,478
437,664
437,464
437,605
438,803
438,702
438,512
438,592
438,509
438,783
438,821
439,739
439,682
439,685
439,770
439,706
440,713
440,566
440,769
440,624
440,538
441,765
441,594
441,526
441,562
441,700
441,583
442,813
442,780
442,700
442,599
442,672
442,493
442,459
442,738
442,678
442,766
443,640
443,684
443,807
443,553
443,819
443,494
444,451
444,709
444,815
445,467
445,683
445,657
445,680
445,771
445,705
446,526
446,754
446,749
446,670
446,606
446,482
446,598
446,635
447,586
447,555
447,613
447,532
447,535
447,794
447,561
447,603
447,474
448,682
448,578
448,793
448,733
448,772
448,788
449,752
449,588
449,509
449,805
449,580
449,619
450,606
450,538
450,587
450,777
450,609
450,556
450,642
450,646
450,691
451,584
451,499
451,704
451,636
451,677
451,754
452,536
452,828
452,581
452,605
452,504
453,794
453,581
453,660
453,768
453,609
453,786
453,806
453,676
453,497
454,582
454,789
455,803
455,522
455,692
455,519
455,460
456,641
456,770
456,676
456,715
456,488
456,556
456,727
456,811
457,788
457,475
457,725
457,708
457,758
457,744
458,487
458,493
458,700
459,724
459,749
459,756
460,492
460,807
460,783
460,668
460,693
460,662
460,495
461,821
461,533
461,648
461,492
461,807
461,773
461,510
461,625
462,617
462,793
462,811
462,697
462,583
462,584
463,823
463,632
463,782
463,547
463,743
463,766
463,660
463,494
463,464
463,700
464,511
464,751
464,703
464,712
465,561
465,499
465,551
465,805
466,541
466,577
466,531
466,568
466,734
467,606
467,653
467,485
467,734
467,827
467,821
467,584
468,564
468,631
468,521
468,738
468,549
468,805
469,640
469,775
469,751
469,492
469,624
469,616
470,580
470,499
470,551
470,787
470,788
470,566
470,490
471,549
471,683
471,697
471,574
471,656
471,616
471,483
472,698
472,731
472,703
472,751
472,540
472,478
473,566
473,511
473,486
473,576
473,712
473,664
473,707
473,532
473,766
474,717
474,727
474,556
474,685
475,692
475,528
475,563
475,696
475,596
476,695
476,751
476,698
476,568
476,678
476,737
476,674
476,667
476,533
476,569
476,554
476,585
476,560
477,692
477,556
477,594
477,515
478,723
478,567
478,705
478,593
478,559
479,516
479,779
479,537
479,717
479,571
479,684
479,638
480,522
480,770
480,631
480,786
480,750
480,741
480,722
480,567
481,654
481,652
481,611
481,621
481,686
481,592
481,717
482,524
482,818
482,551
482,792
482,780
482,727
483,671
483,582
483,581
483,758
483,640
483,564
483,500
484,534
484,674
484,766
484,636
484,654
484,572
485,487
485,740
485,690
485,521
485,721
486,677
486,732
486,801
486,551
486,659
486,828
486,711
486,800
487,707
487,604
487,532
487,664
487,776
487,717
487,635
487,574
487,644
488,744
488,562
488,555
488,827
488,695
488,553
489,814
489,754
489,715
489,666
489,497
490,605
490,541
490,629
490,607
491,570
491,721
491,821
492,785
492,715
492,794
492,628
492,625
492,746
492,619
492,712
492,714
493,609
493,679
493,744
493,494
493,655
493,499
493,517
494,712
494,793
494,673
494,497
495,792
496,746
496,554
496,582
496,783
496,666
496,538
496,787
496,514
496,511
497,585
497,739
498,763
498,719
498,603
498,588
498,628
498,802
499,800
499,762
500,607
500,785
500,590
500,650
501,528
501,818
501,805
501,708
501,730
501,534
501,533
501,627
501,807
501,820
502,791
502,672
502,737
502,570
503,658
503,751
503,786
503,767
503,553
504,669
504,569
504,667
504,536
504,700
504,728
504,559
504,826
504,673
505,682
505,821
505,622
505,808
505,828
505,610
506,670
506,589
506,626
506,664
506,508
506,556
507,546
507,772
507,803
507,799
507,513
507,747
507,815
507,806
507,552
507,721
508,551
508,541
508,780
508,569
508,765
508,555
508,713
508,586
509,606
509,632
509,533
509,616
509,582
509,760
509,627
509,730
509,651
509,759
510,524
510,679
510,807
510,694
510,665
510,613
511,711
511,588
511,646
511,660
511,734
511,757
511,827
512,784
512,590
512,792
512,756
512,829
512,676
512,688
512,728
513,778
513,598
513,638
513,722
513,547
513,823
514,583
514,766
514,824
514,599
514,575
514,804
514,519
514,554
515,800
515,617
515,763
515,576
515,746
515,808
515,601
515,738
515,610
515,630
516,810
516,775
516,533
516,548
516,579
516,793
516,719
516,597
516,679
517,726
517,780
517,518
517,733
517,619
517,671
517,761
518,669
518,660
518,623
518,761
519,763
519,825
519,647
519,799
519,760
520,819
520,675
520,710
520,800
520,757
521,814
521,825
521,782
521,784
522,820
522,572
522,809
522,642
522,762
522,643
522,743
522,716
523,758
523,697
523,678
523,642
523,717
523,765
523,825
524,801
524,596
524,575
524,788
524,655
524,745
524,794
524,622
524,650
524,639
525,777
525,676
525,645
525,731
525,805
526,639
526,682
526,576
527,592
527,683
527,781
527,776
528,809
528,621
528,531
528,777
528,589
528,674
528,666
528,764
529,588
529,583
529,584
529,800
529,829
529,553
530,720
530,634
530,752
530,602
530,555
530,652
531,667
531,824
531,535
531,581
531,826
531,786
532,821
532,542
532,664
532,804
533,769
533,789
533,755
534,555
534,694
534,601
534,827
535,772
535,748
536,800
536,637
536,657
536,738
536,559
537,745
537,587
537,815
537,574
538,608
539,825
539,709
539,733
539,820
539,699
539,560
539,643
539,692
539,566
539,723
540,579
540,670
540,593
540,807
540,693
540,712
540,676
540,815
541,688
541,622
541,660
541,638
541,666
542,590
542,545
542,627
542,656
542,548
542,673
542,551
542,784
542,650
543,636
543,597
543,826
543,790
543,578
544,704
544,804
544,711
544,570
544,676
545,816
545,581
545,769
546,611
546,729
546,761
547,549
547,754
548,801
548,754
548,721
548,558
549,705
549,603
549,611
549,715
549,610
549,639
549,734
550,688
550,655
550,554
550,648
550,618
550,717
551,784
551,780
551,799
551,795
551,728
551,703
552,579
552,672
552,599
552,822
552,703
553,748
553,792
553,808
553,659
553,715
553,589
553,596
553,568
553,560
554,801
554,603
554,730
555,768
555,703
555,678
555,719
555,721
556,660
556,708
556,768
556,671
556,749
556,773
556,659
558,702
558,798
558,668
558,744
558,752
559,822
559,733
559,583
560,646
560,633
560,746
560,785
560,680
560,608
560,650
560,669
561,664
561,720
561,573
561,652
561,582
561,613
561,694
561,709
562,824
562,577
562,812
562,582
562,739
562,614
562,806
563,569
564,756
564,761
564,603
564,599
564,813
564,634
564,632
564,712
564,739
564,692
564,679
565,570
565,649
565,697
566,810
566,659
566,798
566,821
567,714
567,669
567,671
567,702
568,659
568,804
568,814
569,675
569,738
569,639
569,756
569,625
569,629
569,799
570,767
570,610
570,660
570,678
570,758
571,724
571,784
571,802
571,578
571,825
571,747
571,761
572,767
573,604
573,780
573,710
573,760
573,625
573,709
573,631
573,800
573,662
574,809
574,662
574,813
574,649
574,666
574,815
574,694
575,747
575,724
575,803
576,743
576,634
576,704
576,653
577,753
577,819
577,626
577,826
577,778
578,764
578,651
578,819
579,697
579,792
579,819
579,606
580,652
580,804
581,644
581,703
581,743
581,696
581,589
582,606
582,657
582,820
582,621
583,700
583,679
583,657
584,744
584,737
584,613
584,760
585,706
585,694
585,708
585,687
587,681
587,632
587,631
587,625
587,760
587,633
588,718
588,694
588,689
588,708
588,772
588,809
588,701
588,761
589,772
589,762
589,641
589,630
589,662
589,806
589,638
589,731
590,678
590,814
591,690
591,829
592,611
592,742
592,671
592,614
593,724
593,778
593,820
593,701
593,601
593,594
594,791
594,760
594,634
594,778
594,655
594,792
595,758
595,701
595,641
595,778
596,634
596,701
596,660
596,683
597,633
597,759
597,697
597,795
597,673
598,814
598,637
598,627
598,827
599,805
599,721
599,714
599,720
600,644
600,797
600,807
600,804
601,770
601,677
601,765
602,710
602,618
603,698
603,782
603,758
604,791
604,785
604,614
605,730
605,734
605,717
605,724
605,764
605,806
605,678
606,678
606,652
607,785
607,647
607,618
607,658
607,795
607,635
608,701
608,812
608,801
608,777
609,719
609,683
610,645
610,760
610,660
610,789
610,824
610,697
611,612
611,676
611,736
611,777
612,739
612,734
612,662
612,776
613,652
613,678
613,629
613,736
613,707
614,676
614,645
614,731
614,641
614,677
615,628
615,816
616,818
616,661
616,738
616,634
617,727
617,709
617,638
617,680
617,762
618,811
618,657
618,696
618,824
618,759
618,699
619,690
619,649
619,774
619,764
619,771
619,688
620,785
620,638
620,731
620,754
620,801
620,640
621,690
622,717
622,734
622,725
622,787
623,693
623,721
623,685
623,782
623,819
623,829
624,675
624,627
624,703
624,694
624,646
624,757
625,746
626,795
626,716
627,683
627,772
627,759
627,682
627,697
628,733
628,819
628,794
628,821
629,781
629,697
629,786
629,676
630,758
630,747
630,649
630,806
631,813
631,774
632,759
632,639
632,737
632,776
632,824
632,653
632,718
633,776
633,642
634,674
634,730
634,815
634,823
634,735
635,641
635,720
635,738
635,686
635,739
636,816
636,730
636,793
636,799
636,658
636,736
637,728
637,736
637,767
637,754
637,753
637,761
637,738
638,816
638,719
638,726
638,809
639,679
639,682
640,788
640,790
640,652
640,748
640,681
641,725
641,734
641,671
641,829
641,713
642,727
642,737
642,761
643,767
643,756
644,708
645,728
645,800
645,805
645,691
646,773
646,758
646,794
646,765
647,706
647,809
647,816
648,666
648,651
648,671
649,751
649,692
649,795
650,782
650,753
650,737
650,756
650,725
650,751
651,676
651,826
651,665
651,758
651,729
651,655
652,736
652,707
652,786
652,670
653,745
654,813
654,781
654,790
654,700
655,713
655,737
655,807
655,685
655,805
655,700
656,815
656,746
656,796
657,703
657,690
657,679
658,776
658,689
658,809
659,778
659,664
659,767
660,755
660,709
660,708
660,778
661,728
661,699
661,719
661,674
661,684
661,715
661,751
662,680
662,785
663,706
663,707
663,758
664,738
664,783
664,665
665,818
665,783
665,751
665,755
666,699
666,679
666,748
667,696
668,676
668,693
668,777
669,707
671,674
672,774
672,764
673,688
673,794
673,755
674,795
675,685
675,720
675,752
676,752
676,691
676,743
677,809
677,704
677,718
678,723
678,700
678,818
679,719
679,697
681,721
682,804
683,790
683,697
683,751
683,745
683,823
683,734
683,797
683,690
683,704
684,821
684,708
685,783
685,764
686,806
686,689
687,704
687,789
687,729
688,818
688,738
688,705
689,734
689,804
690,751
690,710
691,802
692,739
692,807
692,737
692,750
692,818
693,772
694,775
694,713
694,720
695,730
695,777
695,791
695,805
695,707
696,760
696,794
696,805
696,775
697,734
697,703
698,815
699,706
699,736
699,723
699,711
699,746
700,764
700,769
700,751
701,726
701,812
701,720
702,706
702,718
702,744
702,791
703,705
703,715
703,751
703,743
704,818
705,744
706,796
706,741
707,775
707,817
708,781
709,752
709,826
710,814
710,791
711,814
711,743
712,791
712,817
712,788
713,750
713,742
713,787
715,727
715,782
715,773
717,768
718,759
720,769
721,755
722,738
722,723
722,729
723,807
723,760
724,782
724,732
725,783
725,801
726,799
726,806
726,803
727,784
727,822
727,772
728,794
729,806
730,821
731,769
731,748
731,777
731,744
731,743
732,749
733,823
733,743
734,756
735,815
735,781
736,753
738,756
738,803
740,757
741,801
741,743
741,790
743,823
743,802
744,766
744,813
745,805
745,782
745,753
746,772
747,764
747,778
747,772
748,754
748,800
749,797
750,793
750,799
753,766
754,778
755,823
755,813
755,820
755,778
756,771
757,761
759,780
760,822
761,816
761,777
762,782
762,781
763,827
763,787
764,781
768,779
770,809
770,807
771,783
771,804
777,783
778,818
778,782
780,788
783,825
783,818
786,806
787,826
790,807
798,808
798,818
800,820
800,807
802,813
804,818
804,821
805,824
813,819
819,822
821,825
822,825
